tract_fips10,tract_name,tract_name_full,zipcode
"09003405700","4057",Census Tract 4057,"06010"
"09003510200","5102",Census Tract 5102,"06108"
"09003510400","5104",Census Tract 5104,"06108"
"09015901100","9011",Census Tract 9011,"06281"
"09003510300","5103",Census Tract 5103,"06108"
"09003492400","4924",Census Tract 4924,"06109"
"09003405200","4052",Census Tract 4052,"06010"
"09003415300","4153",Census Tract 4153,"06051"
"09003492500","4925",Census Tract 4925,"06109"
"09003494100","4941",Census Tract 4941,"06111"
"09003494201","4942.01",Census Tract 4942.01,"06111"
"09003494202","4942.02",Census Tract 4942.02,"06111"
"09003494300","4943",Census Tract 4943,"06111"
"09003510700","5107",Census Tract 5107,"06118"
"09003510900","5109",Census Tract 5109,"06118"
"09003510800","5108",Census Tract 5108,"06118"
"09003502300","5023",Census Tract 5023,"06114"
"09011705300","7053",Census Tract 7053,"06355"
"09011709200","7092",Census Tract 7092,"06351"
"09011712100","7121",Census Tract 7121,"06254"
"09001090300","903",Census Tract 903,"06611"
"09001010101","101.01",Census Tract 101.01,"06831"
"09001020600","206",Census Tract 206,"06905"
"09001021300","213",Census Tract 213,"06905"
"09001021100","211",Census Tract 211,"06906"
"09001035300","353",Census Tract 353,"06840"
"09001022100","221",Census Tract 221,"06902"
"09001073600","736",Census Tract 736,"06608"
"09001050100","501",Census Tract 501,"06880"
"09001060500","605",Census Tract 605,"06890"
"09001100300","1003",Census Tract 1003,"06468"
"09001045300","453",Census Tract 453,"06897"
"09001061000","610",Census Tract 610,"06825"
"09001080800","808",Census Tract 808,"06614"
"09003405401","4054.01",Census Tract 4054.01,"06010"
"09001030300","303",Census Tract 303,"06820"
"09001210702","2107.02",Census Tract 2107.02,"06810"
"09001210701","2107.01",Census Tract 2107.01,"06810"
"09015902200","9022",Census Tract 9022,"06242"
"09007541100","5411",Census Tract 5411,"06457"
"09007541300","5413",Census Tract 5413,"06457"
"09007541500","5415",Census Tract 5415,"06457"
"09015800300","8003",Census Tract 8003,"06226"
"09015905100","9051",Census Tract 9051,"06234"
"09015902500","9025",Census Tract 9025,"06259"
"09015904500","9045",Census Tract 9045,"06239"
"09015800400","8004",Census Tract 8004,"06226"
"09015903100","9031",Census Tract 9031,"06260"
"09015800600","8006",Census Tract 8006,"06226"
"09015907100","9071",Census Tract 9071,"06374"
"09015900100","9001",Census Tract 9001,"06277"
"09015904100","9041",Census Tract 9041,"06239"
"09015830100","8301",Census Tract 8301,"06278"
"09003484100","4841",Census Tract 4841,"06088"
"09001230502","2305.02",Census Tract 2305.02,"06482"
"09001230501","2305.01",Census Tract 2305.01,"06482"
"09003473100","4731",Census Tract 4731,"06095"
"09009130101","1301.01",Census Tract 1301.01,"06483"
"09009130102","1301.02",Census Tract 1301.02,"06483"
"09009361500","3615",Census Tract 3615,"06516"
"09007541600","5416",Census Tract 5416,"06457"
"09003406002","4060.02",Census Tract 4060.02,"06010"
"09003471100","4711",Census Tract 4711,"06002"
"09003471500","4715",Census Tract 4715,"06002"
"09003473400","4734",Census Tract 4734,"06095"
"09003473602","4736.02",Census Tract 4736.02,"06095"
"09003492200","4922",Census Tract 4922,"06109"
"09003492300","4923",Census Tract 4923,"06109"
"09003500400","5004",Census Tract 5004,"06114"
"09003500700","5007",Census Tract 5007,"06120"
"09003501200","5012",Census Tract 5012,"06120"
"09003501300","5013",Census Tract 5013,"06120"
"09003501500","5015",Census Tract 5015,"06112"
"09009140800","1408",Census Tract 1408,"06519"
"09009141000","1410",Census Tract 1410,"06515"
"09009141100","1411",Census Tract 1411,"06515"
"09009141300","1413",Census Tract 1413,"06515"
"09011702500","7025",Census Tract 7025,"06340"
"09011702600","7026",Census Tract 7026,"06340"
"09011702700","7027",Census Tract 7027,"06340"
"09011980000","9800",Census Tract 9800,"06340"
"09009142604","1426.04",Census Tract 1426.04,"06513"
"09009361401","3614.01",Census Tract 3614.01,"06511"
"09003460100","4601",Census Tract 4601,"06032"
"09009142603","1426.03",Census Tract 1426.03,"06513"
"09001257200","2572",Census Tract 2572,"06606"
"09003405402","4054.02",Census Tract 4054.02,"06010"
"09003524502","5245.02",Census Tract 5245.02,"06105"
"09003524200","5242",Census Tract 5242,"06067"
"09003460203","4602.03",Census Tract 4602.03,"06032"
"09003487201","4872.01",Census Tract 4872.01,"06074"
"09003487202","4872.02",Census Tract 4872.02,"06074"
"09003514101","5141.01",Census Tract 5141.01,"06042"
"09003520302","5203.02",Census Tract 5203.02,"06033"
"09003520301","5203.01",Census Tract 5203.01,"06033"
"09003524300","5243",Census Tract 5243,"06082"
"09003524700","5247",Census Tract 5247,"06106"
"09003524400","5244",Census Tract 5244,"06120"
"09003524600","5246",Census Tract 5246,"06105"
"09013528100","5281",Census Tract 5281,"06232"
"09001050400","504",Census Tract 504,"06880"
"09001060700","607",Census Tract 607,"06824"
"09001060800","608",Census Tract 608,"06824"
"09001060900","609",Census Tract 609,"06824"
"09001211300","2113",Census Tract 2113,"06811"
"09001020200","202",Census Tract 202,"06903"
"09001020700","207",Census Tract 207,"06905"
"09001045101","451.01",Census Tract 451.01,"06897"
"09001050300","503",Census Tract 503,"06880"
"09001050600","506",Census Tract 506,"06880"
"09001210400","2104",Census Tract 2104,"06810"
"09001060600","606",Census Tract 606,"06890"
"09001072900","729",Census Tract 729,"06606"
"09001211100","2111",Census Tract 2111,"06811"
"09001074000","740",Census Tract 740,"06608"
"09001110301","1103.01",Census Tract 1103.01,"06484"
"09001211400","2114",Census Tract 2114,"06811"
"09001220100","2201",Census Tract 2201,"06812"
"09001220300","2203",Census Tract 2203,"06812"
"09001245300","2453",Census Tract 2453,"06877"
"09007580100","5801",Census Tract 5801,"06455"
"09015820000","8200",Census Tract 8200,"06247"
"09015825000","8250",Census Tract 8250,"06264"
"09015906100","9061",Census Tract 9061,"06331"
"09015907300","9073",Census Tract 9073,"06374"
"09015900200","9002",Census Tract 9002,"06255"
"09015903200","9032",Census Tract 9032,"06260"
"09001021900","219",Census Tract 219,"06902"
"09001022000","220",Census Tract 220,"06902"
"09001021500","215",Census Tract 215,"06902"
"09015908100","9081",Census Tract 9081,"06377"
"09003473700","4737",Census Tract 4737,"06095"
"09003473800","4738",Census Tract 4738,"06095"
"09003476200","4762",Census Tract 4762,"06096"
"09003480300","4803",Census Tract 4803,"06082"
"09003484200","4842",Census Tract 4842,"06016"
"09003500900","5009",Census Tract 5009,"06120"
"09003487500","4875",Census Tract 4875,"06074"
"09003503300","5033",Census Tract 5033,"06105"
"09003466101","4661.01",Census Tract 4661.01,"06070"
"09003477101","4771.01",Census Tract 4771.01,"06078"
"09003477102","4771.02",Census Tract 4771.02,"06078"
"09003481300","4813",Census Tract 4813,"06082"
"09003473601","4736.01",Census Tract 4736.01,"06095"
"09003480400","4804",Census Tract 4804,"06082"
"09003480500","4805",Census Tract 4805,"06082"
"09003480600","4806",Census Tract 4806,"06082"
"09003480700","4807",Census Tract 4807,"06082"
"09003480900","4809",Census Tract 4809,"06082"
"09003510500","5105",Census Tract 5105,"06118"
"09003511000","5110",Census Tract 5110,"06118"
"09003511100","5111",Census Tract 5111,"06118"
"09003511200","5112",Census Tract 5112,"06108"
"09003511400","5114",Census Tract 5114,"06108"
"09003481200","4812",Census Tract 4812,"06082"
"09003494600","4946",Census Tract 4946,"06111"
"09003496100","4961",Census Tract 4961,"06110"
"09003496200","4962",Census Tract 4962,"06110"
"09003496300","4963",Census Tract 4963,"06107"
"09003430203","4302.03",Census Tract 4302.03,"06489"
"09003477200","4772",Census Tract 4772,"06093"
"09003462201","4622.01",Census Tract 4622.01,"06001"
"09003400100","4001",Census Tract 4001,"06037"
"09003464102","4641.02",Census Tract 4641.02,"06019"
"09003520100","5201",Census Tract 5201,"06033"
"09003520202","5202.02",Census Tract 5202.02,"06073"
"09003501700","5017",Census Tract 5017,"06120"
"09003420600","4206",Census Tract 4206,"06062"
"09003466202","4662.02",Census Tract 4662.02,"06092"
"09003415400","4154",Census Tract 4154,"06051"
"09003416500","4165",Census Tract 4165,"06053"
"09003462102","4621.02",Census Tract 4621.02,"06001"
"09003405500","4055",Census Tract 4055,"06010"
"09003464101","4641.01",Census Tract 4641.01,"06019"
"09003473502","4735.02",Census Tract 4735.02,"06095"
"09003500100","5001",Census Tract 5001,"06114"
"09003501800","5018",Census Tract 5018,"06120"
"09003510600","5106",Census Tract 5106,"06118"
"09003515102","5151.02",Census Tract 5151.02,"06040"
"09003330100","3301",Census Tract 3301,"06091"
"09003400200","4002",Census Tract 4002,"06037"
"09003497100","4971",Census Tract 4971,"06119"
"09003405100","4051",Census Tract 4051,"06010"
"09003405300","4053",Census Tract 4053,"06010"
"09003406100","4061",Census Tract 4061,"06010"
"09003496400","4964",Census Tract 4964,"06107"
"09003496500","4965",Census Tract 4965,"06107"
"09003496600","4966",Census Tract 4966,"06107"
"09003496700","4967",Census Tract 4967,"06119"
"09003430601","4306.01",Census Tract 4306.01,"06489"
"09003430500","4305",Census Tract 4305,"06479"
"09003468101","4681.01",Census Tract 4681.01,"06090"
"09003466102","4661.02",Census Tract 4661.02,"06070"
"09003487400","4874",Census Tract 4874,"06074"
"09003471300","4713",Census Tract 4713,"06002"
"09003460302","4603.02",Census Tract 4603.02,"06085"
"09003430202","4302.02",Census Tract 4302.02,"06489"
"09003430400","4304",Census Tract 4304,"06479"
"09003462101","4621.01",Census Tract 4621.01,"06001"
"09003405800","4058",Census Tract 4058,"06010"
"09003470100","4701",Census Tract 4701,"06026"
"09003520501","5205.01",Census Tract 5205.01,"06073"
"09003468102","4681.02",Census Tract 4681.02,"06035"
"09003466300","4663",Census Tract 4663,"06070"
"09003481000","4810",Census Tract 4810,"06082"
"09003481100","4811",Census Tract 4811,"06082"
"09003460202","4602.02",Census Tract 4602.02,"06032"
"09003420700","4207",Census Tract 4207,"06062"
"09003501400","5014",Census Tract 5014,"06112"
"09003473501","4735.01",Census Tract 4735.01,"06095"
"09003476100","4761",Census Tract 4761,"06096"
"09003430301","4303.01",Census Tract 4303.01,"06489"
"09003471400","4714",Census Tract 4714,"06002"
"09003405900","4059",Census Tract 4059,"06010"
"09003476300","4763",Census Tract 4763,"06096"
"09001240200","2402",Census Tract 2402,"06896"
"09003406001","4060.01",Census Tract 4060.01,"06010"
"09003496800","4968",Census Tract 4968,"06110"
"09003496900","4969",Census Tract 4969,"06119"
"09003497000","4970",Census Tract 4970,"06119"
"09003497200","4972",Census Tract 4972,"06117"
"09003502100","5021",Census Tract 5021,"06103"
"09001205100","2051",Census Tract 2051,"06804"
"09001210900","2109",Census Tract 2109,"06811"
"09001042500","425",Census Tract 425,"06851"
"09001105100","1051",Census Tract 1051,"06612"
"09001060400","604",Census Tract 604,"06824"
"09001050500","505",Census Tract 505,"06880"
"09001010102","101.02",Census Tract 101.02,"06831"
"09001035100","351",Census Tract 351,"06840"
"09001060200","602",Census Tract 602,"06825"
"09001205300","2053",Census Tract 2053,"06804"
"09001081000","810",Census Tract 810,"06614"
"09001220200","2202",Census Tract 2202,"06812"
"09001230400","2304",Census Tract 2304,"06470"
"09001245400","2454",Census Tract 2454,"06877"
"09001100200","1002",Census Tract 1002,"06468"
"09003460204","4602.04",Census Tract 4602.04,"06032"
"09009190100","1901",Census Tract 1901,"06437"
"09015800700","8007",Census Tract 8007,"06226"
"09015815000","8150",Census Tract 8150,"06235"
"09001010400","104",Census Tract 104,"06831"
"09009141500","1415",Census Tract 1415,"06511"
"09009141600","1416",Census Tract 1416,"06511"
"09009141800","1418",Census Tract 1418,"06511"
"09009141900","1419",Census Tract 1419,"06511"
"09009142100","1421",Census Tract 1421,"06511"
"09009351601","3516.01",Census Tract 3516.01,"06708"
"09009351500","3515",Census Tract 3515,"06706"
"09009150300","1503",Census Tract 1503,"06460"
"09009150600","1506",Census Tract 1506,"06461"
"09009165200","1652",Census Tract 1652,"06517"
"09009171300","1713",Census Tract 1713,"06450"
"09009171400","1714",Census Tract 1714,"06450"
"09009171500","1715",Census Tract 1715,"06450"
"09009171600","1716",Census Tract 1716,"06451"
"09011696300","6963",Census Tract 6963,"06360"
"09011702100","7021",Census Tract 7021,"06355"
"09009171700","1717",Census Tract 1717,"06450"
"09009175100","1751",Census Tract 1751,"06492"
"09009175200","1752",Census Tract 1752,"06492"
"09009175300","1753",Census Tract 1753,"06492"
"09011700100","7001",Census Tract 7001,"06365"
"09011660101","6601.01",Census Tract 6601.01,"06371"
"09011709100","7091",Census Tract 7091,"06351"
"09011710100","7101",Census Tract 7101,"06351"
"09011696100","6961",Census Tract 6961,"06360"
"09011696200","6962",Census Tract 6962,"06360"
"09011696400","6964",Census Tract 6964,"06360"
"09011708100","7081",Census Tract 7081,"06384"
"09011696700","6967",Census Tract 6967,"06360"
"09011870100","8701",Census Tract 8701,"06249"
"09011702800","7028",Census Tract 7028,"06340"
"09011702900","7029",Census Tract 7029,"06340"
"09011703000","7030",Census Tract 7030,"06355"
"09011693700","6937",Census Tract 6937,"06375"
"09011716102","7161.02",Census Tract 7161.02,"06333"
"09011713100","7131",Census Tract 7131,"06334"
"09011696500","6965",Census Tract 6965,"06360"
"09011660102","6601.02",Census Tract 6601.02,"06371"
"09005425600","4256",Census Tract 4256,"06058"
"09003405600","4056",Census Tract 4056,"06010"
"09013530500","5305",Census Tract 5305,"06066"
"09013881100","8811",Census Tract 8811,"06268"
"09013533101","5331.01",Census Tract 5331.01,"06084"
"09013850200","8502",Census Tract 8502,"06238"
"09003420400","4204",Census Tract 4204,"06062"
"09003514102","5141.02",Census Tract 5141.02,"06042"
"09003514400","5144",Census Tract 5144,"06040"
"09003514500","5145",Census Tract 5145,"06040"
"09003514600","5146",Census Tract 5146,"06040"
"09003514700","5147",Census Tract 5147,"06040"
"09003514800","5148",Census Tract 5148,"06040"
"09003514900","5149",Census Tract 5149,"06042"
"09001061200","612",Census Tract 612,"06825"
"09001061500","615",Census Tract 615,"06824"
"09001061600","616",Census Tract 616,"06824"
"09001070100","701",Census Tract 701,"06605"
"09013530200","5302",Census Tract 5302,"06066"
"09015904400","9044",Census Tract 9044,"06241"
"09015800500","8005",Census Tract 8005,"06280"
"09013850100","8501",Census Tract 8501,"06238"
"09001022200","222",Census Tract 222,"06902"
"09001022400","224",Census Tract 224,"06902"
"09001022300","223",Census Tract 223,"06902"
"09001070300","703",Census Tract 703,"06605"
"09001070400","704",Census Tract 704,"06604"
"09001070500","705",Census Tract 705,"06604"
"09001070600","706",Census Tract 706,"06604"
"09001070900","709",Census Tract 709,"06605"
"09001070200","702",Census Tract 702,"06605"
"09007541700","5417",Census Tract 5417,"06457"
"09007542200","5422",Census Tract 5422,"06457"
"09007570100","5701",Census Tract 5701,"06416"
"09003410101","4101.01",Census Tract 4101.01,"06013"
"09003410102","4101.02",Census Tract 4101.02,"06013"
"09003524501","5245.01",Census Tract 5245.01,"06105"
"09005320200","3202",Census Tract 3202,"06098"
"09005266100","2661",Census Tract 2661,"06757"
"09005298400","2984",Census Tract 2984,"06791"
"09005342100","3421",Census Tract 3421,"06751"
"09005310602","3106.02",Census Tract 3106.02,"06790"
"09005253300","2533",Census Tract 2533,"06776"
"09005250100","2501",Census Tract 2501,"06752"
"09005265100","2651",Census Tract 2651,"06754"
"09005253100","2531",Census Tract 2531,"06776"
"09009345400","3454",Census Tract 3454,"06770"
"09009346101","3461.01",Census Tract 3461.01,"06478"
"09009175500","1755",Census Tract 1755,"06492"
"09009352400","3524",Census Tract 3524,"06704"
"09009186200","1862",Census Tract 1862,"06472"
"09009170500","1705",Census Tract 1705,"06451"
"09009361200","3612",Census Tract 3612,"06716"
"09009351602","3516.02",Census Tract 3516.02,"06708"
"09009352000","3520",Census Tract 3520,"06708"
"09009167201","1672.01",Census Tract 1672.01,"06473"
"09009186100","1861",Census Tract 1861,"06471"
"09009180100","1801",Census Tract 1801,"06512"
"09009170900","1709",Census Tract 1709,"06451"
"09009142000","1420",Census Tract 1420,"06511"
"09009343300","3433",Census Tract 3433,"06410"
"09009184300","1843",Census Tract 1843,"06405"
"09009151200","1512",Census Tract 1512,"06460"
"09009176000","1760",Census Tract 1760,"06492"
"09009167202","1672.02",Census Tract 1672.02,"06473"
"09009155000","1550",Census Tract 1550,"06516"
"09009351900","3519",Census Tract 3519,"06708"
"09009125200","1252",Census Tract 1252,"06401"
"09009167100","1671",Census Tract 1671,"06473"
"09009184200","1842",Census Tract 1842,"06405"
"09009160100","1601",Census Tract 1601,"06525"
"09005310803","3108.03",Census Tract 3108.03,"06790"
"09005310804","3108.04",Census Tract 3108.04,"06790"
"09009140900","1409",Census Tract 1409,"06511"
"09009190200","1902",Census Tract 1902,"06437"
"09009175800","1758",Census Tract 1758,"06492"
"09009344100","3441",Census Tract 3441,"06762"
"09009343101","3431.01",Census Tract 3431.01,"06410"
"09009351700","3517",Census Tract 3517,"06708"
"09009194100","1941",Census Tract 1941,"06443"
"09009130200","1302",Census Tract 1302,"06483"
"09009151100","1511",Census Tract 1511,"06460"
"09009348111","3481.11",Census Tract 3481.11,"06488"
"09009343400","3434",Census Tract 3434,"06410"
"09009150900","1509",Census Tract 1509,"06460"
"09009170100","1701",Census Tract 1701,"06450"
"09009157400","1574",Census Tract 1574,"06477"
"09009157100","1571",Census Tract 1571,"06477"
"09009361100","3611",Census Tract 3611,"06716"
"09005425400","4254",Census Tract 4254,"06786"
"09009345201","3452.01",Census Tract 3452.01,"06770"
"09009142800","1428",Census Tract 1428,"06512"
"09009190302","1903.02",Census Tract 1903.02,"06437"
"09005262100","2621",Census Tract 2621,"06069"
"09005310300","3103",Census Tract 3103,"06790"
"09005310801","3108.01",Census Tract 3108.01,"06790"
"09005360200","3602",Census Tract 3602,"06795"
"09005425500","4255",Census Tract 4255,"06786"
"09005260200","2602",Census Tract 2602,"06018"
"09005267100","2671",Census Tract 2671,"06794"
"09005298300","2983",Census Tract 2983,"06791"
"09005310700","3107",Census Tract 3107,"06790"
"09005360300","3603",Census Tract 3603,"06779"
"09009194201","1942.01",Census Tract 1942.01,"06443"
"09009171100","1711",Census Tract 1711,"06450"
"09009175400","1754",Census Tract 1754,"06492"
"09009190301","1903.01",Census Tract 1903.01,"06437"
"09009343102","3431.02",Census Tract 3431.02,"06410"
"09009344200","3442",Census Tract 3442,"06762"
"09009352300","3523",Census Tract 3523,"06704"
"09009154700","1547",Census Tract 1547,"06516"
"09009160200","1602",Census Tract 1602,"06525"
"09009345300","3453",Census Tract 3453,"06770"
"09009170800","1708",Census Tract 1708,"06451"
"09009141200","1412",Census Tract 1412,"06515"
"09005360400","3604",Census Tract 3604,"06779"
"09001043800","438",Census Tract 438,"06854"
"09001061100","611",Census Tract 611,"06825"
"09009170600","1706",Census Tract 1706,"06451"
"09009170700","1707",Census Tract 1707,"06451"
"09009171000","1710",Census Tract 1710,"06450"
"09003514200","5142",Census Tract 5142,"06042"
"09001061300","613",Census Tract 613,"06825"
"09009171200","1712",Census Tract 1712,"06450"
"09009165600","1656",Census Tract 1656,"06514"
"09009165700","1657",Census Tract 1657,"06514"
"09009165801","1658.01",Census Tract 1658.01,"06514"
"09009165802","1658.02",Census Tract 1658.02,"06514"
"09009165500","1655",Census Tract 1655,"06514"
"09001043000","430",Census Tract 430,"06850"
"09009165900","1659",Census Tract 1659,"06518"
"09001030400","304",Census Tract 304,"06820"
"09009150800","1508",Census Tract 1508,"06461"
"09009165300","1653",Census Tract 1653,"06517"
"09009165400","1654",Census Tract 1654,"06517"
"09005268100","2681",Census Tract 2681,"06783"
"09005290100","2901",Census Tract 2901,"06063"
"09005293100","2931",Census Tract 2931,"06098"
"09005303100","3031",Census Tract 3031,"06763"
"09001061400","614",Census Tract 614,"06825"
"09005310100","3101",Census Tract 3101,"06790"
"09005310200","3102",Census Tract 3102,"06790"
"09005310400","3104",Census Tract 3104,"06790"
"09005310500","3105",Census Tract 3105,"06790"
"09001072100","721",Census Tract 721,"06604"
"09005253600","2536",Census Tract 2536,"06776"
"09009141400","1414",Census Tract 1414,"06511"
"09003487300","4873",Census Tract 4873,"06074"
"09007600100","6001",Census Tract 6001,"06412"
"09007610200","6102",Census Tract 6102,"06413"
"09007550100","5501",Census Tract 5501,"06424"
"09009125100","1251",Census Tract 1251,"06401"
"09003415500","4155",Census Tract 4155,"06051"
"09003415600","4156",Census Tract 4156,"06051"
"09003415700","4157",Census Tract 4157,"06052"
"09003415800","4158",Census Tract 4158,"06052"
"09003415900","4159",Census Tract 4159,"06053"
"09003416000","4160",Census Tract 4160,"06053"
"09003416100","4161",Census Tract 4161,"06051"
"09003494400","4944",Census Tract 4944,"06111"
"09003494500","4945",Census Tract 4945,"06111"
"09003502400","5024",Census Tract 5024,"06114"
"09003416200","4162",Census Tract 4162,"06051"
"09003416300","4163",Census Tract 4163,"06051"
"09003416400","4164",Census Tract 4164,"06052"
"09003416600","4166",Census Tract 4166,"06053"
"09003416700","4167",Census Tract 4167,"06053"
"09003416800","4168",Census Tract 4168,"06053"
"09003417100","4171",Census Tract 4171,"06051"
"09003417200","4172",Census Tract 4172,"06053"
"09003417300","4173",Census Tract 4173,"06053"
"09003417400","4174",Census Tract 4174,"06053"
"09003417500","4175",Census Tract 4175,"06053"
"09003504800","5048",Census Tract 5048,"06106"
"09003420500","4205",Census Tract 4205,"06062"
"09003430201","4302.01",Census Tract 4302.01,"06489"
"09003430302","4303.02",Census Tract 4303.02,"06479"
"09003430602","4306.02",Census Tract 4306.02,"06489"
"09003497700","4977",Census Tract 4977,"06117"
"09003500200","5002",Census Tract 5002,"06114"
"09003500300","5003",Census Tract 5003,"06106"
"09007630100","6301",Census Tract 6301,"06409"
"09007585100","5851",Census Tract 5851,"06422"
"09007610400","6104",Census Tract 6104,"06413"
"09009125300","1253",Census Tract 1253,"06401"
"09009125400","1254",Census Tract 1254,"06401"
"09003460301","4603.01",Census Tract 4603.01,"06085"
"09003462202","4622.02",Census Tract 4622.02,"06001"
"09003466201","4662.01",Census Tract 4662.01,"06070"
"09003466400","4664",Census Tract 4664,"06070"
"09003490302","4903.02",Census Tract 4903.02,"06067"
"09003492100","4921",Census Tract 4921,"06109"
"09009140100","1401",Census Tract 1401,"06510"
"09009140200","1402",Census Tract 1402,"06519"
"09009140300","1403",Census Tract 1403,"06519"
"09009140400","1404",Census Tract 1404,"06519"
"09009140500","1405",Census Tract 1405,"06519"
"09009140600","1406",Census Tract 1406,"06519"
"09009140700","1407",Census Tract 1407,"06511"
"09003492600","4926",Census Tract 4926,"06109"
"09003471200","4712",Census Tract 4712,"06002"
"09003511300","5113",Census Tract 5113,"06108"
"09003480800","4808",Census Tract 4808,"06082"
"09003520400","5204",Census Tract 5204,"06033"
"09003515101","5151.01",Census Tract 5151.01,"06040"
"09003490100","4901",Census Tract 4901,"06067"
"09001090100","901",Census Tract 901,"06611"
"09001055200","552",Census Tract 552,"06883"
"09001045400","454",Census Tract 454,"06897"
"09001035400","354",Census Tract 354,"06840"
"09001042800","428",Census Tract 428,"06851"
"09001245600","2456",Census Tract 2456,"06877"
"09001020400","204",Census Tract 204,"06903"
"09001090600","906",Census Tract 906,"06611"
"09001011300","113",Census Tract 113,"06830"
"09001230300","2303",Census Tract 2303,"06470"
"09001021000","210",Census Tract 210,"06906"
"09001030500","305",Census Tract 305,"06820"
"09001210100","2101",Census Tract 2101,"06810"
"09001073900","739",Census Tract 739,"06608"
"09001081300","813",Census Tract 813,"06614"
"09001010800","108",Census Tract 108,"06807"
"09001020100","201",Census Tract 201,"06902"
"09001020500","205",Census Tract 205,"06902"
"09001020800","208",Census Tract 208,"06905"
"09001043300","433",Census Tract 433,"06850"
"09001080400","804",Census Tract 804,"06615"
"09001110302","1103.02",Census Tract 1103.02,"06484"
"09001030200","302",Census Tract 302,"06820"
"09001045102","451.02",Census Tract 451.02,"06897"
"09001010900","109",Census Tract 109,"06878"
"09001011000","110",Census Tract 110,"06870"
"09001100100","1001",Census Tract 1001,"06468"
"09001110600","1106",Census Tract 1106,"06484"
"09001205200","2052",Census Tract 2052,"06804"
"09001230100","2301",Census Tract 2301,"06470"
"09001257100","2571",Census Tract 2571,"06784"
"09001211200","2112",Census Tract 2112,"06811"
"09001210800","2108",Census Tract 2108,"06811"
"09001210600","2106",Census Tract 2106,"06810"
"09001210500","2105",Census Tract 2105,"06810"
"09001110500","1105",Census Tract 1105,"06484"
"09001110400","1104",Census Tract 1104,"06484"
"09001043100","431",Census Tract 431,"06850"
"09001245200","2452",Census Tract 2452,"06877"
"09001110202","1102.02",Census Tract 1102.02,"06484"
"09001045200","452",Census Tract 452,"06897"
"09001035200","352",Census Tract 352,"06840"
"09001060100","601",Census Tract 601,"06825"
"09001020900","209",Census Tract 209,"06907"
"09001200200","2002",Census Tract 2002,"06801"
"09001055100","551",Census Tract 551,"06883"
"09001200301","2003.01",Census Tract 2003.01,"06801"
"09001073100","731",Census Tract 731,"06610"
"09001211000","2110",Census Tract 2110,"06811"
"09001210200","2102",Census Tract 2102,"06810"
"09001105200","1052",Census Tract 1052,"06612"
"09001060300","603",Census Tract 603,"06824"
"09001090500","905",Census Tract 905,"06611"
"09001110201","1102.01",Census Tract 1102.01,"06484"
"09001030100","301",Census Tract 301,"06820"
"09001090200","902",Census Tract 902,"06611"
"09001010300","103",Census Tract 103,"06831"
"09001050200","502",Census Tract 502,"06880"
"09001081100","811",Census Tract 811,"06614"
"09001042700","427",Census Tract 427,"06851"
"09001020300","203",Census Tract 203,"06903"
"09001240100","2401",Census Tract 2401,"06896"
"09001043200","432",Census Tract 432,"06854"
"09001090400","904",Census Tract 904,"06611"
"09001081200","812",Census Tract 812,"06614"
"09001021200","212",Census Tract 212,"06905"
"09001230200","2302",Census Tract 2302,"06470"
"09001010201","102.01",Census Tract 102.01,"06830"
"09001010202","102.02",Census Tract 102.02,"06807"
"09001200100","2001",Census Tract 2001,"06801"
"09001245100","2451",Census Tract 2451,"06877"
"09001245500","2455",Census Tract 2455,"06877"
"09001011100","111",Census Tract 111,"06878"
"09001010500","105",Census Tract 105,"06830"
"09009142200","1422",Census Tract 1422,"06511"
"09009142300","1423",Census Tract 1423,"06513"
"09009142400","1424",Census Tract 1424,"06513"
"09009142500","1425",Census Tract 1425,"06513"
"09009142601","1426.01",Census Tract 1426.01,"06513"
"09009142700","1427",Census Tract 1427,"06512"
"09011714104","7141.04",Census Tract 7141.04,"06415"
"09011870704","8707.04",Census Tract 8707.04,"06357"
"09011870701","8707.01",Census Tract 8707.01,"06357"
"09011705102","7051.02",Census Tract 7051.02,"06379"
"09011705101","7051.01",Census Tract 7051.01,"06379"
"09011870300","8703",Census Tract 8703,"06320"
"09013529100","5291",Census Tract 5291,"06043"
"09013530100","5301",Census Tract 5301,"06066"
"09003524100","5241",Census Tract 5241,"06447"
"09013530301","5303.01",Census Tract 5303.01,"06066"
"09013530302","5303.02",Census Tract 5303.02,"06066"
"09013530400","5304",Census Tract 5304,"06066"
"09003515000","5150",Census Tract 5150,"06040"
"09003515200","5152",Census Tract 5152,"06040"
"09003500500","5005",Census Tract 5005,"06106"
"09003520201","5202.01",Census Tract 5202.01,"06033"
"09009154100","1541",Census Tract 1541,"06516"
"09009154200","1542",Census Tract 1542,"06516"
"09009154500","1545",Census Tract 1545,"06516"
"09009154600","1546",Census Tract 1546,"06516"
"09009154800","1548",Census Tract 1548,"06516"
"09009154900","1549",Census Tract 1549,"06516"
"09009155100","1551",Census Tract 1551,"06516"
"09009150700","1507",Census Tract 1507,"06461"
"09009157300","1573",Census Tract 1573,"06477"
"09009161100","1611",Census Tract 1611,"06524"
"09009165100","1651",Census Tract 1651,"06517"
"09009157200","1572",Census Tract 1572,"06477"
"09001010700","107",Census Tract 107,"06830"
"09001010600","106",Census Tract 106,"06830"
"09001021400","214",Census Tract 214,"06902"
"09001011200","112",Census Tract 112,"06830"
"09009150100","1501",Census Tract 1501,"06460"
"09003514300","5143",Census Tract 5143,"06040"
"09001200302","2003.02",Census Tract 2003.02,"06801"
"09009150200","1502",Census Tract 1502,"06460"
"09009175600","1756",Census Tract 1756,"06492"
"09009175700","1757",Census Tract 1757,"06492"
"09009175900","1759",Census Tract 1759,"06492"
"09009180300","1803",Census Tract 1803,"06512"
"09009180400","1804",Census Tract 1804,"06512"
"09009180500","1805",Census Tract 1805,"06513"
"09009180601","1806.01",Census Tract 1806.01,"06512"
"09009180200","1802",Census Tract 1802,"06512"
"09009180602","1806.02",Census Tract 1806.02,"06513"
"09009184400","1844",Census Tract 1844,"06405"
"09009184500","1845",Census Tract 1845,"06405"
"09009184600","1846",Census Tract 1846,"06405"
"09009167300","1673",Census Tract 1673,"06473"
"09009184700","1847",Census Tract 1847,"06405"
"09009350100","3501",Census Tract 3501,"06702"
"09009350200","3502",Census Tract 3502,"06704"
"09009350300","3503",Census Tract 3503,"06704"
"09009170200","1702",Census Tract 1702,"06451"
"09009170300","1703",Census Tract 1703,"06451"
"09009170400","1704",Census Tract 1704,"06451"
"09009166001","1660.01",Census Tract 1660.01,"06518"
"09009350400","3504",Census Tract 3504,"06704"
"09009350500","3505",Census Tract 3505,"06706"
"09009352701","3527.01",Census Tract 3527.01,"06705"
"09009352702","3527.02",Census Tract 3527.02,"06705"
"09009352800","3528",Census Tract 3528,"06706"
"09009166002","1660.02",Census Tract 1660.02,"06518"
"09009184100","1841",Census Tract 1841,"06405"
"09009194202","1942.02",Census Tract 1942.02,"06443"
"09009346102","3461.02",Census Tract 3461.02,"06478"
"09009351100","3511",Census Tract 3511,"06704"
"09009361300","3613",Census Tract 3613,"06716"
"09009190303","1903.03",Census Tract 1903.03,"06437"
"09009341100","3411",Census Tract 3411,"06403"
"09009343200","3432",Census Tract 3432,"06410"
"09009350800","3508",Census Tract 3508,"06710"
"09009351800","3518",Census Tract 3518,"06708"
"09009351000","3510",Census Tract 3510,"06704"
"09009351200","3512",Census Tract 3512,"06704"
"09009351300","3513",Census Tract 3513,"06705"
"09009351400","3514",Census Tract 3514,"06706"
"09009350900","3509",Census Tract 3509,"06710"
"09003980000","9800",Census Tract 9800,"06096"
"09009345100","3451",Census Tract 3451,"06770"
"09009345202","3452.02",Census Tract 3452.02,"06770"
"09009347100","3471",Census Tract 3471,"06712"
"09009347200","3472",Census Tract 3472,"06712"
"09009352200","3522",Census Tract 3522,"06704"
"09009352500","3525",Census Tract 3525,"06704"
"09009352600","3526",Census Tract 3526,"06705"
"09009352100","3521",Census Tract 3521,"06708"
"09015907200","9072",Census Tract 9072,"06354"
"09005253200","2532",Census Tract 2532,"06776"
"09005349200","3492",Census Tract 3492,"06787"
"09005362101","3621.01",Census Tract 3621.01,"06798"
"09005320100","3201",Census Tract 3201,"06098"
"09005300400","3004",Census Tract 3004,"06759"
"09005300500","3005",Census Tract 3005,"06759"
"09005360100","3601",Census Tract 3601,"06795"
"09005425300","4253",Census Tract 4253,"06786"
"09005261100","2611",Census Tract 2611,"06068"
"09005253400","2534",Census Tract 2534,"06776"
"09005349100","3491",Census Tract 3491,"06787"
"09005253500","2535",Census Tract 2535,"06776"
"09005296100","2961",Census Tract 2961,"06756"
"09005310601","3106.01",Census Tract 3106.01,"06790"
"09005306100","3061",Census Tract 3061,"06057"
"09005263200","2632",Census Tract 2632,"06796"
"09005300100","3001",Census Tract 3001,"06759"
"09005362102","3621.02",Census Tract 3621.02,"06798"
"09011715100","7151",Census Tract 7151,"06420"
"09013526102","5261.02",Census Tract 5261.02,"06248"
"09013526101","5261.01",Census Tract 5261.01,"06231"
"09013890202","8902.02",Census Tract 8902.02,"06076"
"09013890201","8902.01",Census Tract 8902.01,"06076"
"09009151000","1510",Census Tract 1510,"06460"
"09007542000","5420",Census Tract 5420,"06457"
"09007640100","6401",Census Tract 6401,"06419"
"09007570300","5703",Census Tract 5703,"06416"
"09007590100","5901",Census Tract 5901,"06441"
"09007560200","5602",Census Tract 5602,"06480"
"09007560100","5601",Census Tract 5601,"06480"
"09007670100","6701",Census Tract 6701,"06475"
"09007542100","5421",Census Tract 5421,"06457"
"09007541200","5412",Census Tract 5412,"06457"
"09007620100","6201",Census Tract 6201,"06417"
"09007610100","6101",Census Tract 6101,"06413"
"09007670200","6702",Census Tract 6702,"06475"
"09007570200","5702",Census Tract 5702,"06416"
"09009120100","1201",Census Tract 1201,"06418"
"09009120200","1202",Census Tract 1202,"06418"
"09013881500","8815",Census Tract 8815,"06268"
"09013535100","5351",Census Tract 5351,"06029"
"09003503700","5037",Census Tract 5037,"06112"
"09003503800","5038",Census Tract 5038,"06105"
"09003503900","5039",Census Tract 5039,"06112"
"09003504000","5040",Census Tract 5040,"06112"
"09003503500","5035",Census Tract 5035,"06112"
"09007541402","5414.02",Census Tract 5414.02,"06457"
"09007541401","5414.01",Census Tract 5414.01,"06457"
"09007550202","5502.02",Census Tract 5502.02,"06424"
"09007595102","5951.02",Census Tract 5951.02,"06469"
"09007550201","5502.01",Census Tract 5502.01,"06424"
"09007595101","5951.01",Census Tract 5951.01,"06423"
"09007680200","6802",Census Tract 6802,"06457"
"09009361402","3614.02",Census Tract 3614.02,"06511"
"09009348122","3481.22",Census Tract 3481.22,"06488"
"09009348123","3481.23",Census Tract 3481.23,"06488"
"09009348124","3481.24",Census Tract 3481.24,"06488"
"09009348125","3481.25",Census Tract 3481.25,"06488"
"09011870703","8707.03",Census Tract 8707.03,"06357"
"09011870502","8705.02",Census Tract 8705.02,"06382"
"09011870501","8705.01",Census Tract 8705.01,"06382"
"09011714103","7141.03",Census Tract 7141.03,"06415"
"09011870200","8702",Census Tract 8702,"06340"
"09009150500","1505",Census Tract 1505,"06460"
"09009150400","1504",Census Tract 1504,"06460"
"09011690300","6903",Census Tract 6903,"06320"
"09011690400","6904",Census Tract 6904,"06320"
"09011690500","6905",Census Tract 6905,"06320"
"09011690700","6907",Census Tract 6907,"06320"
"09011690800","6908",Census Tract 6908,"06320"
"09011690900","6909",Census Tract 6909,"06320"
"09011693500","6935",Census Tract 6935,"06385"
"09011693600","6936",Census Tract 6936,"06375"
"09011696800","6968",Census Tract 6968,"06360"
"09011697000","6970",Census Tract 6970,"06360"
"09007610300","6103",Census Tract 6103,"06413"
"09011702300","7023",Census Tract 7023,"06340"
"09011702400","7024",Census Tract 7024,"06340"
"09001042600","426",Census Tract 426,"06851"
"09001042900","429",Census Tract 429,"06850"
"09001071000","710",Census Tract 710,"06605"
"09001071100","711",Census Tract 711,"06605"
"09001071200","712",Census Tract 712,"06605"
"09001071300","713",Census Tract 713,"06604"
"09001071400","714",Census Tract 714,"06604"
"09003430100","4301",Census Tract 4301,"06489"
"09001071600","716",Census Tract 716,"06604"
"09003487100","4871",Census Tract 4871,"06074"
"09001043400","434",Census Tract 434,"06851"
"09001043500","435",Census Tract 435,"06851"
"09001071900","719",Census Tract 719,"06606"
"09001072000","720",Census Tract 720,"06606"
"09001072200","722",Census Tract 722,"06606"
"09001043600","436",Census Tract 436,"06851"
"09001072300","723",Census Tract 723,"06606"
"09001072400","724",Census Tract 724,"06606"
"09001072500","725",Census Tract 725,"06606"
"09011705400","7054",Census Tract 7054,"06378"
"09011716101","7161.01",Census Tract 7161.01,"06333"
"09011695202","6952.02",Census Tract 6952.02,"06370"
"09011711100","7111",Census Tract 7111,"06330"
"09011705200","7052",Census Tract 7052,"06378"
"09011701100","7011",Census Tract 7011,"06339"
"09001072600","726",Census Tract 726,"06606"
"09001072700","727",Census Tract 727,"06606"
"09001043900","439",Census Tract 439,"06854"
"09001043700","437",Census Tract 437,"06850"
"09001072800","728",Census Tract 728,"06606"
"09011693300","6933",Census Tract 6933,"06385"
"09011714101","7141.01",Census Tract 7141.01,"06415"
"09011707100","7071",Census Tract 7071,"06359"
"09011701200","7012",Census Tract 7012,"06335"
"09011695201","6952.01",Census Tract 6952.01,"06382"
"09011650100","6501",Census Tract 6501,"06371"
"09011696600","6966",Census Tract 6966,"06360"
"09011693400","6934",Census Tract 6934,"06385"
"09001044000","440",Census Tract 440,"06854"
"09001044100","441",Census Tract 441,"06854"
"09001044200","442",Census Tract 442,"06855"
"09001073000","730",Census Tract 730,"06610"
"09001073200","732",Census Tract 732,"06610"
"09001073300","733",Census Tract 733,"06610"
"09001073400","734",Census Tract 734,"06610"
"09001073500","735",Census Tract 735,"06608"
"09001073700","737",Census Tract 737,"06610"
"09001073800","738",Census Tract 738,"06608"
"09001074300","743",Census Tract 743,"06607"
"09001074400","744",Census Tract 744,"06607"
"09001080100","801",Census Tract 801,"06614"
"09001021600","216",Census Tract 216,"06905"
"09001021700","217",Census Tract 217,"06901"
"09001021801","218.01",Census Tract 218.01,"06906"
"09001021802","218.02",Census Tract 218.02,"06906"
"09001080200","802",Census Tract 802,"06615"
"09001080500","805",Census Tract 805,"06615"
"09001080600","806",Census Tract 806,"06615"
"09001080700","807",Census Tract 807,"06615"
"09001044300","443",Census Tract 443,"06855"
"09001044400","444",Census Tract 444,"06854"
"09001044500","445",Census Tract 445,"06854"
"09001044600","446",Census Tract 446,"06853"
"09001090700","907",Census Tract 907,"06611"
"09001110100","1101",Census Tract 1101,"06484"
"09001210300","2103",Census Tract 2103,"06810"
"09003497600","4976",Census Tract 4976,"06107"
"09001080900","809",Census Tract 809,"06614"
"09007680100","6801",Census Tract 6801,"06498"
"09013890100","8901",Census Tract 8901,"06076"
"09013538201","5382.01",Census Tract 5382.01,"06071"
"09013533102","5331.02",Census Tract 5331.02,"06084"
"09003504200","5042",Census Tract 5042,"06105"
"09003504300","5043",Census Tract 5043,"06106"
"09003504500","5045",Census Tract 5045,"06106"
"09003504100","5041",Census Tract 5041,"06106"
"09003504900","5049",Census Tract 5049,"06106"
"09003400300","4003",Census Tract 4003,"06037"
"09003510100","5101",Census Tract 5101,"06108"
"09013535200","5352",Census Tract 5352,"06029"
"09013881200","8812",Census Tract 8812,"06269"
"09013530600","5306",Census Tract 5306,"06066"
"09013881300","8813",Census Tract 8813,"06268"
"09013538100","5381",Census Tract 5381,"06071"
"09013860100","8601",Census Tract 8601,"06237"
"09013538202","5382.02",Census Tract 5382.02,"06071"
"09013840100","8401",Census Tract 8401,"06279"
"09003502800","5028",Census Tract 5028,"06106"
"09003502900","5029",Census Tract 5029,"06106"
"09003502500","5025",Census Tract 5025,"06114"
"09003503000","5030",Census Tract 5030,"06106"
"09003503100","5031",Census Tract 5031,"06105"
"09003502600","5026",Census Tract 5026,"06114"
"09003502700","5027",Census Tract 5027,"06106"
"09003497300","4973",Census Tract 4973,"06117"
"09003497400","4974",Census Tract 4974,"06117"
"09003497500","4975",Census Tract 4975,"06117"
